<?xml version="1.0" encoding="UTF-8"?>

<PractitionerRole xmlns="http://hl7.org/fhir">
  <id value="EjemploRolPrestador"/>
  <meta>
    <profile value="http://agenda.cl/StructureDefinition/RolPrestador"/>
  </meta>
  <text>
    <status value="generated"/><div xmlns="http://www.w3.org/1999/xhtml"><p><b>Generated Narrative: PractitionerRole</b><a name="EjemploRolPrestador"> </a></p><div style="display: inline-block; background-color: #d9e0e7; padding: 6px; margin: 4px; border: 1px solid #8da1b4; border-radius: 5px; line-height: 60%"><p style="margin-bottom: 0px">Resource PractitionerRole &quot;EjemploRolPrestador&quot; </p><p style="margin-bottom: 0px">Profile: <a href="StructureDefinition-RolPrestador.html">Perfil del Rol del Prestador</a></p></div><p><b>organization</b>: <a href="Organization-EjemploOrganizacion.html">Organization/EjemploOrganizacion</a> &quot;CESFAM Barón&quot;</p><p><b>healthcareService</b>: <a href="HealthcareService-EjemploServicioDeSalud.html">HealthcareService/EjemploServicioDeSalud</a></p></div>
  </text>
  <organization>
    <reference value="Organization/EjemploOrganizacion"/>
  </organization>
  <healthcareService>
    <reference value="HealthcareService/EjemploServicioDeSalud"/>
  </healthcareService>
</PractitionerRole>