<?xml version="1.0" encoding="UTF-8"?><ValueSet xmlns="http://hl7.org/fhir"><id value="VSPrevision"/><text><status value="generated"/><div xmlns="http://www.w3.org/1999/xhtml"><ul><li>Include all codes defined in <a href="CodeSystem-CSPrevision.html"><code>http://agenda.cl/CodeSystem/CSPrevision</code></a></li></ul></div></text><url value="http://agenda.cl/ValueSet/VSPrevision"/><version value="0.1.0"/><name value="VSPrevision"/><title value="VS Prevision"/><status value="active"/><experimental value="false"/><date value="2024-06-11T20:58:46-04:00"/><publisher value="Valentina Contreras"/><contact><name value="Valentina Contreras"/><telecom><system value="url"/><value value="http://example.org/example-publisher"/></telecom></contact><description value="Previsión del paciente"/><compose><include><system value="http://agenda.cl/CodeSystem/CSPrevision"/></include></compose></ValueSet>