<?xml version="1.0" encoding="UTF-8"?><ValueSet xmlns="http://hl7.org/fhir"><id value="VSServicios"/><text><status value="generated"/><div xmlns="http://www.w3.org/1999/xhtml"><ul><li>Include all codes defined in <a href="CodeSystem-CSServicios.html"><code>http://agenda.cl/CodeSystem/CSServicios</code></a></li></ul></div></text><url value="http://agenda.cl/ValueSet/VSServicios"/><version value="0.1.0"/><name value="VSServicios"/><title value="VS SERVICIOS"/><status value="active"/><experimental value="false"/><date value="2024-06-11T20:58:46-04:00"/><publisher value="Valentina Contreras"/><contact><name value="Valentina Contreras"/><telecom><system value="url"/><value value="http://example.org/example-publisher"/></telecom></contact><description value="Servicio que dara el prestador"/><compose><include><system value="http://agenda.cl/CodeSystem/CSServicios"/></include></compose></ValueSet>