<?xml version="1.0" encoding="UTF-8"?>

<CodeSystem xmlns="http://hl7.org/fhir">
  <id value="CSUrgenciaPercibida"/>
  <text>
    <status value="generated"/><div xmlns="http://www.w3.org/1999/xhtml"><p>This case-sensitive code system <code>http://agenda.cl/CodeSystem/CSUrgenciaPercibida</code> defines the following codes:</p><table class="codes"><tr><td style="white-space:nowrap"><b>Code</b></td><td><b>Display</b></td><td><b>Definition</b></td></tr><tr><td style="white-space:nowrap">01<a name="CSUrgenciaPercibida-01"> </a></td><td>No dolor</td><td>El paciente no presenta un dolor</td></tr><tr><td style="white-space:nowrap">02<a name="CSUrgenciaPercibida-02"> </a></td><td>Leve</td><td>El paciente presenta un dolor leve</td></tr><tr><td style="white-space:nowrap">03<a name="CSUrgenciaPercibida-03"> </a></td><td>Moderado</td><td>El paciente presenta un dolor moderado</td></tr><tr><td style="white-space:nowrap">04<a name="CSUrgenciaPercibida-04"> </a></td><td>Severo</td><td>El paceinte presenta un dolor severo</td></tr><tr><td style="white-space:nowrap">05<a name="CSUrgenciaPercibida-05"> </a></td><td>Insoportable</td><td>El paciente presenta un dolor insoportable</td></tr></table></div>
  </text>
  <url value="http://agenda.cl/CodeSystem/CSUrgenciaPercibida"/>
  <version value="0.1.0"/>
  <name value="CSUrgenciaPercibida"/>
  <title value="CS Urgencia Percibida"/>
  <status value="active"/>
  <experimental value="false"/>
  <date value="2024-06-11T20:58:46-04:00"/>
  <publisher value="Valentina Contreras"/>
  <contact>
    <name value="Valentina Contreras"/>
    <telecom>
      <system value="url"/>
      <value value="http://example.org/example-publisher"/>
    </telecom>
  </contact>
  <description value="Codidos de la urgencia percibida segun el paciente."/>
  <caseSensitive value="true"/>
  <content value="complete"/>
  <count value="5"/>
  <concept>
    <code value="01"/>
    <display value="No dolor"/>
    <definition value="El paciente no presenta un dolor"/>
  </concept>
  <concept>
    <code value="02"/>
    <display value="Leve"/>
    <definition value="El paciente presenta un dolor leve"/>
  </concept>
  <concept>
    <code value="03"/>
    <display value="Moderado"/>
    <definition value="El paciente presenta un dolor moderado"/>
  </concept>
  <concept>
    <code value="04"/>
    <display value="Severo"/>
    <definition value="El paceinte presenta un dolor severo"/>
  </concept>
  <concept>
    <code value="05"/>
    <display value="Insoportable"/>
    <definition value="El paciente presenta un dolor insoportable"/>
  </concept>
</CodeSystem>