<?xml version="1.0" encoding="UTF-8"?>

<CodeSystem xmlns="http://hl7.org/fhir">
  <id value="CSPrevision"/>
  <text>
    <status value="generated"/><div xmlns="http://www.w3.org/1999/xhtml"><p>This case-sensitive code system <code>http://agenda.cl/CodeSystem/CSPrevision</code> defines the following codes:</p><table class="codes"><tr><td style="white-space:nowrap"><b>Code</b></td><td><b>Display</b></td></tr><tr><td style="white-space:nowrap">01<a name="CSPrevision-01"> </a></td><td>FONASA</td></tr><tr><td style="white-space:nowrap">02<a name="CSPrevision-02"> </a></td><td>ISAPRE</td></tr><tr><td style="white-space:nowrap">03<a name="CSPrevision-03"> </a></td><td>CAPREDENA</td></tr><tr><td style="white-space:nowrap">04<a name="CSPrevision-04"> </a></td><td>DIPRECA</td></tr><tr><td style="white-space:nowrap">05<a name="CSPrevision-05"> </a></td><td>SISA</td></tr><tr><td style="white-space:nowrap">96<a name="CSPrevision-96"> </a></td><td>NINGUNA</td></tr><tr><td style="white-space:nowrap">99<a name="CSPrevision-99"> </a></td><td>DESCONOCIDO</td></tr></table></div>
  </text>
  <url value="http://agenda.cl/CodeSystem/CSPrevision"/>
  <version value="0.1.0"/>
  <name value="CSPrevision"/>
  <title value="CS Prevision"/>
  <status value="active"/>
  <experimental value="false"/>
  <date value="2024-06-11T20:58:46-04:00"/>
  <publisher value="Valentina Contreras"/>
  <contact>
    <name value="Valentina Contreras"/>
    <telecom>
      <system value="url"/>
      <value value="http://example.org/example-publisher"/>
    </telecom>
  </contact>
  <description value="Codigos de la previsión del paciente"/>
  <caseSensitive value="true"/>
  <content value="complete"/>
  <count value="7"/>
  <concept>
    <code value="01"/>
    <display value="FONASA"/>
  </concept>
  <concept>
    <code value="02"/>
    <display value="ISAPRE"/>
  </concept>
  <concept>
    <code value="03"/>
    <display value="CAPREDENA"/>
  </concept>
  <concept>
    <code value="04"/>
    <display value="DIPRECA"/>
  </concept>
  <concept>
    <code value="05"/>
    <display value="SISA"/>
  </concept>
  <concept>
    <code value="96"/>
    <display value="NINGUNA"/>
  </concept>
  <concept>
    <code value="99"/>
    <display value="DESCONOCIDO"/>
  </concept>
</CodeSystem>