{
  "resourceType" : "Patient",
  "id" : "EjemploPaciente",
  "meta" : {
    "profile" : ["http://agenda.cl/StructureDefinition/Paciente"]
  },
  "text" : {
    "status" : "generated",
    "div" : "<div xmlns=\"http://www.w3.org/1999/xhtml\"><p style=\"border: 1px #661aff solid; background-color: #e6e6ff; padding: 10px;\"><b>Contreras Valentina Daniela </b> (no stated gender), DoB: 2001-02-10 ( 20706399-1)</p><hr/><table class=\"grid\"><tr><td style=\"background-color: #f3f5da\" title=\"Da la prevision del paciente\"><a href=\"StructureDefinition-Prevision.html\">Prevision del paciente:</a></td><td colspan=\"3\"><ul><li>01</li></ul></td></tr><tr><td style=\"background-color: #f3f5da\" title=\"Da la edad del paciente\"><a href=\"StructureDefinition-Edad.html\">Edad del paciente:</a></td><td colspan=\"3\"><ul><li>23</li></ul></td></tr></table></div>"
  },
  "extension" : [{
    "url" : "http://agenda.cl/StructureDefinition/Edad",
    "valueInteger" : 23
  },
  {
    "url" : "http://agenda.cl/StructureDefinition/Prevision",
    "valueCode" : "01"
  }],
  "identifier" : [{
    "value" : "20706399-1"
  }],
  "name" : [{
    "family" : "Valentina Daniela",
    "given" : ["Contreras"]
  }],
  "birthDate" : "2001-02-10"
}