{
  "package": "fhir.agenda",
  "version": "0.1.0",
  "fhirVersion": "4.0.1",
  "extensions": [
    {
      "url": "http://agenda.cl/StructureDefinition/ApellidoServicio",
      "title": "Apellido Servicio",
      "types": [
        "string"
      ]
    },
    {
      "url": "http://agenda.cl/StructureDefinition/Edad",
      "title": "Edad del paciente",
      "types": [
        "integer"
      ]
    },
    {
      "url": "http://agenda.cl/StructureDefinition/Prestaciones",
      "title": "Prestaciones",
      "types": [
        "code"
      ]
    },
    {
      "url": "http://agenda.cl/StructureDefinition/Prevision",
      "title": "Prevision del paciente",
      "types": [
        "code"
      ]
    },
    {
      "url": "http://agenda.cl/StructureDefinition/Servicios",
      "title": "Servicio del prestador",
      "types": [
        "code"
      ]
    },
    {
      "url": "http://agenda.cl/StructureDefinition/SintomasEspeciales",
      "title": "Sintomas Especiales",
      "types": [
        "code"
      ]
    },
    {
      "url": "http://agenda.cl/StructureDefinition/UrgenciaPercibida",
      "title": "Urgencia percicida del paciente",
      "types": [
        "code"
      ]
    },
    {
      "url": "http://agenda.cl/StructureDefinition/VSEspecialidadesDeisCL",
      "title": "Especialidad del médico principal",
      "types": [
        "Coding",
        "Coding"
      ]
    }
  ],
  "profiles": {
    "Appointment": [
      {
        "url": "http://agenda.cl/StructureDefinition/Cita",
        "title": "Perfil Cita"
      }
    ],
    "AppointmentResponse": [
      {
        "url": "http://agenda.cl/StructureDefinition/CitaRespuesta",
        "title": "Perfil de la Respuesta a la cita."
      }
    ],
    "Organization": [
      {
        "url": "http://agenda.cl/StructureDefinition/Organizacion",
        "title": "Perfil de la Organización"
      }
    ],
    "Patient": [
      {
        "url": "http://agenda.cl/StructureDefinition/Paciente",
        "title": "Perfil del Paciente"
      }
    ],
    "Practitioner": [
      {
        "url": "http://agenda.cl/StructureDefinition/Prestador",
        "title": "Perfil del Prestador"
      }
    ],
    "PractitionerRole": [
      {
        "url": "http://agenda.cl/StructureDefinition/RolPrestador",
        "title": "Perfil del Rol del Prestador"
      }
    ],
    "HealthcareService": [
      {
        "url": "http://agenda.cl/StructureDefinition/ServicioDeSalud",
        "title": "Perfil del Servicio De Salud"
      }
    ]
  },
  "usage": {
    "http://agenda.cl/StructureDefinition/ApellidoServicio": [
      "Appointment"
    ],
    "http://agenda.cl/StructureDefinition/Edad": [
      "Patient"
    ],
    "http://agenda.cl/StructureDefinition/Prestaciones": [
      "Appointment"
    ],
    "http://agenda.cl/StructureDefinition/Prevision": [
      "Patient"
    ],
    "http://agenda.cl/StructureDefinition/Servicios": [
      "HealthcareService"
    ],
    "http://agenda.cl/StructureDefinition/SintomasEspeciales": [
      "Appointment"
    ],
    "http://agenda.cl/StructureDefinition/UrgenciaPercibida": [
      "Appointment"
    ],
    "http://agenda.cl/StructureDefinition/VSEspecialidadesDeisCL": [
      "Practitioner"
    ],
    "http://hl7.org/fhir/StructureDefinition/elementdefinition-bestpractice": [
      "StructureDefinition.snapshot.element.constraint"
    ],
    "http://hl7.org/fhir/StructureDefinition/elementdefinition-bestpractice-explanation": [
      "StructureDefinition.snapshot.element.constraint"
    ],
    "http://hl7.org/fhir/StructureDefinition/elementdefinition-bindingName": [
      "StructureDefinition.snapshot.element.binding"
    ],
    "http://hl7.org/fhir/StructureDefinition/elementdefinition-maxValueSet": [
      "StructureDefinition.snapshot.element.binding"
    ],
    "http://hl7.org/fhir/StructureDefinition/elementdefinition-translatable": [
      "StructureDefinition.snapshot.element"
    ],
    "http://hl7.org/fhir/StructureDefinition/humanname-mothers-family": [
      "Patient.name.family",
      "Practitioner.name.family"
    ],
    "http://hl7.org/fhir/StructureDefinition/regex": [
      "StructureDefinition.snapshot.element.type"
    ],
    "http://hl7.org/fhir/StructureDefinition/structuredefinition-fhir-type": [
      "StructureDefinition.snapshot.element.type"
    ],
    "http://hl7.org/fhir/StructureDefinition/structuredefinition-hierarchy": [
      "StructureDefinition.snapshot.element.type"
    ],
    "http://hl7.org/fhir/tools/StructureDefinition/ig-internal-dependency": [
      "ImplementationGuide.definition"
    ],
    "http://hl7.org/fhir/tools/StructureDefinition/ig-page-name": [
      "ImplementationGuide.definition.page",
      "ImplementationGuide.definition.page.page"
    ],
    "http://hl7.org/fhir/tools/StructureDefinition/ig-parameter": [
      "ImplementationGuide.definition"
    ],
    "http://hl7.org/fhir/tools/StructureDefinition/implementationguide-dependency-comment": [
      "ImplementationGuide.dependsOn"
    ],
    "http://hl7.org/fhir/tools/StructureDefinition/resource-information": [
      "ImplementationGuide.definition.resource"
    ],
    "https://hl7chile.cl/fhir/ig/clcore/StructureDefinition/CodigoPaises": [
      "Patient.identifier.type"
    ]
  }
}