{
  "resourceType" : "ValueSet",
  "id" : "VSPrestaciones",
  "text" : {
    "status" : "generated",
    "div" : "<div xmlns=\"http://www.w3.org/1999/xhtml\"><ul><li>Include all codes defined in <a href=\"CodeSystem-CSPrestaciones.html\"><code>http://agenda.cl/CodeSystem/CSPrestaciones</code></a></li></ul></div>"
  },
  "url" : "http://agenda.cl/ValueSet/VSPrestaciones",
  "version" : "0.1.0",
  "name" : "VSPrestaciones",
  "title" : "VS Prestaciones",
  "status" : "active",
  "experimental" : false,
  "date" : "2024-06-11T20:58:46-04:00",
  "publisher" : "Valentina Contreras",
  "contact" : [{
    "name" : "Valentina Contreras",
    "telecom" : [{
      "system" : "url",
      "value" : "http://example.org/example-publisher"
    }]
  }],
  "description" : "Prestaciones",
  "compose" : {
    "include" : [{
      "system" : "http://agenda.cl/CodeSystem/CSPrestaciones"
    }]
  }
}