{
  "codeSystems" : [
    {
      "url" : "http://agenda.cl/ValueSet/VSEspecialidadesDeisCL",
      "version" : "0.1.0",
      "status" : "active",
      "name" : "VSEspecialidadesDeisCL",
      "title" : "VS Códigos de Especialidades",
      "description" : "Códigos de especialidades médicas descritas según DEIS",
      "systems" : [
        "https://hl7chile.cl/fhir/ig/clcore/CodeSystem/CSEspecialidadesDeisCL"
      ]
    },
    {
      "url" : "http://agenda.cl/ValueSet/VSPrestaciones",
      "version" : "0.1.0",
      "status" : "active",
      "name" : "VSPrestaciones",
      "title" : "VS Prestaciones",
      "description" : "Prestaciones",
      "systems" : ["http://agenda.cl/CodeSystem/CSPrestaciones"],
      "uses" : {
      },
      "StructureDefinition-Prestaciones.html" : "Prestaciones"
    },
    {
      "url" : "http://agenda.cl/ValueSet/VSPrevision",
      "version" : "0.1.0",
      "status" : "active",
      "name" : "VSPrevision",
      "title" : "VS Prevision",
      "description" : "Previsión del paciente",
      "systems" : ["http://agenda.cl/CodeSystem/CSPrevision"],
      "uses" : {
      },
      "StructureDefinition-Prevision.html" : "Prevision del paciente"
    },
    {
      "url" : "http://agenda.cl/ValueSet/VSServicios",
      "version" : "0.1.0",
      "status" : "active",
      "name" : "VSServicios",
      "title" : "VS SERVICIOS",
      "description" : "Servicio que dara el prestador",
      "systems" : ["http://agenda.cl/CodeSystem/CSServicios"],
      "uses" : {
      },
      "StructureDefinition-Servicios.html" : "Servicio del prestador"
    },
    {
      "url" : "http://agenda.cl/ValueSet/VSSintomasEspeciales",
      "version" : "0.1.0",
      "status" : "active",
      "name" : "VSSintomasEspeciales",
      "title" : "VS Sintomas Especiales",
      "description" : "Sintomas especiales del paciente",
      "systems" : ["http://agenda.cl/CodeSystem/CSSintomasEspeciales"],
      "uses" : {
      },
      "StructureDefinition-SintomasEspeciales.html" : "Sintomas Especiales"
    },
    {
      "url" : "http://agenda.cl/ValueSet/VSUrgenciaPercibida",
      "version" : "0.1.0",
      "status" : "active",
      "name" : "VSUrgenciaPercibida",
      "title" : "VS Urgencia Percibida",
      "description" : "Traigo los codigos de la urgencia percibida",
      "systems" : ["http://agenda.cl/CodeSystem/CSUrgenciaPercibida"],
      "uses" : {
      },
      "StructureDefinition-UrgenciaPercibida.html" : "Urgencia percicida del paciente"
    },
    {
      "url" : "http://hl7.org/fhir/ValueSet/c80-practice-codes",
      "version" : "4.0.1",
      "status" : "active",
      "name" : "PracticeSettingCodeValueSet",
      "title" : "Practice Setting Code Value Set",
      "description" : "This is the code representing the clinical specialty of the clinician or provider who interacted with, treated, or provided a service to/for the patient. The value set used for clinical specialty has been limited by HITSP to the value set reproduced from HITSP C80 Table 2-149 Clinical Specialty Value Set Definition.",
      "systems" : ["http://snomed.info/sct"],
      "oids" : ["2.16.840.1.113883.3.88.12.80.72"],
      "sources" : ["2.16.840.1.113883.3.88.12.80.72"],
      "uses" : {
      },
      "StructureDefinition-Cita.html" : "Perfil Cita"
    },
    {
      "url" : "https://hl7chile.cl/fhir/ig/clcore/ValueSet/VSEspecialidadesDeisCL",
      "version" : "1.8.5",
      "status" : "active",
      "name" : "VSEspecialidadesDeisCL",
      "title" : "Códigos de Especialidades",
      "description" : "Códigos de especialidades médicas descritas según DEIS",
      "systems" : [
        "https://hl7chile.cl/fhir/ig/clcore/CodeSystem/CSEspecialidadesDeisCL"
      ],
      "uses" : {
      },
      "StructureDefinition-VSEspecialidadesDeisCL.html" : "Especialidad del médico principal"
    },
    {
      "url" : "https://hl7chile.cl/fhir/ig/clcore/ValueSet/VSTiposDocumentos",
      "version" : "1.8.5",
      "status" : "active",
      "name" : "VSTiposDocumentos",
      "title" : "Tipos de Documentos",
      "description" : "Tipos de Documentos para identificación según tabla HL7 V3 y CodeSystem local.",
      "systems" : [
        "https://hl7chile.cl/fhir/ig/clcore/CodeSystem/CSCodigoDNI",
        "https://hl7chile.cl/fhir/ig/clcore/CodeSystem/CSTipoIdentificador",
        "http://terminology.hl7.org/CodeSystem/v2-0203"
      ],
      "uses" : {
      },
      "StructureDefinition-Paciente.html" : "Perfil del Paciente"
    }
  ]
}
