{"resourceType":"CodeSystem","id":"CSSintomasEspeciales","text":{"status":"generated","div":"<div xmlns=\"http://www.w3.org/1999/xhtml\"><p>This case-sensitive code system <code>http://agenda.cl/CodeSystem/CSSintomasEspeciales</code> defines the following codes:</p><table class=\"codes\"><tr><td style=\"white-space:nowrap\"><b>Code</b></td><td><b>Display</b></td><td><b>Definition</b></td></tr><tr><td style=\"white-space:nowrap\">01<a name=\"CSSintomasEspeciales-01\"> </a></td><td>Fiebre alta persistente</td><td>Temperatura corporal elevada que no cede con medicación o que dura más de unos días podría indicar una infección que requiere atención médica.</td></tr><tr><td style=\"white-space:nowrap\">02<a name=\"CSSintomasEspeciales-02\"> </a></td><td>Dolor intenso o persistente</td><td>Dolores que no se alivian o que interfieren significativamente con las actividades diarias pueden necesitar evaluación médica.</td></tr><tr><td style=\"white-space:nowrap\">03<a name=\"CSSintomasEspeciales-03\"> </a></td><td>Dificultad para respirar</td><td>Respirar con dificultad, sibilancias o sensación de opresión en el pecho.</td></tr><tr><td style=\"white-space:nowrap\">04<a name=\"CSSintomasEspeciales-04\"> </a></td><td>Sangrado nasal</td><td>Descripcion de Desconosido</td></tr><tr><td style=\"white-space:nowrap\">05<a name=\"CSSintomasEspeciales-05\"> </a></td><td>Pérdida de peso inexplicable</td><td>Una disminución significativa del peso sin razón aparente puede ser indicativo de condiciones subyacentes.</td></tr><tr><td style=\"white-space:nowrap\">06<a name=\"CSSintomasEspeciales-06\"> </a></td><td>Cambios en la visión</td><td>Dificultades para ver, visión borrosa o pérdida de la visión pueden señalar problemas oculares serios.</td></tr><tr><td style=\"white-space:nowrap\">07<a name=\"CSSintomasEspeciales-07\"> </a></td><td>Erupciones cutáneas o cambios en la piel</td><td>La aparición de erupciones, cambios en lunares existentes o nuevas lesiones en la piel pueden requerir evaluación.</td></tr><tr><td style=\"white-space:nowrap\">08<a name=\"CSSintomasEspeciales-08\"> </a></td><td>Fatiga</td><td>Sentirse constantemente cansado o agotado, incluso después de descansar adecuadamente.</td></tr><tr><td style=\"white-space:nowrap\">09<a name=\"CSSintomasEspeciales-09\"> </a></td><td>Síntomas de deshidratación</td><td>Sensación de sed intensa, orina oscura o disminución de la frecuencia urinaria.</td></tr><tr><td style=\"white-space:nowrap\">10<a name=\"CSSintomasEspeciales-10\"> </a></td><td>Mareos o desmayos</td><td>Episodios de mareo o pérdida de conciencia pueden ser signos de problemas cardíacos u otros.</td></tr><tr><td style=\"white-space:nowrap\">11<a name=\"CSSintomasEspeciales-11\"> </a></td><td>Problemas digestivos persistentes</td><td>Dificultades como diarrea crónica, estreñimiento o dolor abdominal.</td></tr><tr><td style=\"white-space:nowrap\">12<a name=\"CSSintomasEspeciales-12\"> </a></td><td>Tos persistente o con sangre</td><td>Una tos que no mejora o que viene acompañada de sangre puede ser señal de una infección grave.</td></tr><tr><td style=\"white-space:nowrap\">13<a name=\"CSSintomasEspeciales-13\"> </a></td><td>Dolor o ardor al orinar</td><td>Estos síntomas pueden indicar una infección del tracto urinario o problemas renales.</td></tr><tr><td style=\"white-space:nowrap\">14<a name=\"CSSintomasEspeciales-14\"> </a></td><td>Alteraciones en el ciclo menstrual</td><td>Cambios significativos en la regularidad, duración o flujo menstrual.</td></tr><tr><td style=\"white-space:nowrap\">15<a name=\"CSSintomasEspeciales-15\"> </a></td><td>Hinchazón o edema</td><td>Acumulación anormal de líquido en tejidos del cuerpo, especialmente en piernas o tobillos.</td></tr><tr><td style=\"white-space:nowrap\">16<a name=\"CSSintomasEspeciales-16\"> </a></td><td>Dolor torácico</td><td>Dolor en el área del pecho que puede ser indicativo de problemas cardíacos.</td></tr><tr><td style=\"white-space:nowrap\">17<a name=\"CSSintomasEspeciales-17\"> </a></td><td>Palpitaciones cardíacas</td><td>Sensación de latidos cardíacos fuertes, rápidos o irregulares.</td></tr><tr><td style=\"white-space:nowrap\">18<a name=\"CSSintomasEspeciales-18\"> </a></td><td>Fiebre baja persistente</td><td>Temperatura corporal ligeramente elevada durante un período prolongado.</td></tr><tr><td style=\"white-space:nowrap\">19<a name=\"CSSintomasEspeciales-19\"> </a></td><td>Cambios en el estado mental</td><td>Confusión, desorientación o dificultades con la memoria o el pensamiento.</td></tr><tr><td style=\"white-space:nowrap\">20<a name=\"CSSintomasEspeciales-20\"> </a></td><td>Dolor de cabeza severo o inusual</td><td>Cefaleas intensas o diferentes a las habituales que no mejoran con medicación.</td></tr></table></div>"},"url":"http://agenda.cl/CodeSystem/CSSintomasEspeciales","version":"0.1.0","name":"CSSintomasEspeciales","title":"CS Sintomas Especiales","status":"active","experimental":false,"date":"2024-06-11T20:58:46-04:00","publisher":"Valentina Contreras","contact":[{"name":"Valentina Contreras","telecom":[{"system":"url","value":"http://example.org/example-publisher"}]}],"description":"Codigos de los sintomas que presenta el paciente.","caseSensitive":true,"content":"complete","count":20,"concept":[{"code":"01","display":"Fiebre alta persistente","definition":"Temperatura corporal elevada que no cede con medicación o que dura más de unos días podría indicar una infección que requiere atención médica."},{"code":"02","display":"Dolor intenso o persistente","definition":"Dolores que no se alivian o que interfieren significativamente con las actividades diarias pueden necesitar evaluación médica."},{"code":"03","display":"Dificultad para respirar","definition":"Respirar con dificultad, sibilancias o sensación de opresión en el pecho."},{"code":"04","display":"Sangrado nasal","definition":"Descripcion de Desconosido"},{"code":"05","display":"Pérdida de peso inexplicable","definition":"Una disminución significativa del peso sin razón aparente puede ser indicativo de condiciones subyacentes."},{"code":"06","display":"Cambios en la visión","definition":"Dificultades para ver, visión borrosa o pérdida de la visión pueden señalar problemas oculares serios."},{"code":"07","display":"Erupciones cutáneas o cambios en la piel","definition":"La aparición de erupciones, cambios en lunares existentes o nuevas lesiones en la piel pueden requerir evaluación."},{"code":"08","display":"Fatiga","definition":"Sentirse constantemente cansado o agotado, incluso después de descansar adecuadamente."},{"code":"09","display":"Síntomas de deshidratación","definition":"Sensación de sed intensa, orina oscura o disminución de la frecuencia urinaria."},{"code":"10","display":"Mareos o desmayos","definition":"Episodios de mareo o pérdida de conciencia pueden ser signos de problemas cardíacos u otros."},{"code":"11","display":"Problemas digestivos persistentes","definition":"Dificultades como diarrea crónica, estreñimiento o dolor abdominal."},{"code":"12","display":"Tos persistente o con sangre","definition":"Una tos que no mejora o que viene acompañada de sangre puede ser señal de una infección grave."},{"code":"13","display":"Dolor o ardor al orinar","definition":"Estos síntomas pueden indicar una infección del tracto urinario o problemas renales."},{"code":"14","display":"Alteraciones en el ciclo menstrual","definition":"Cambios significativos en la regularidad, duración o flujo menstrual."},{"code":"15","display":"Hinchazón o edema","definition":"Acumulación anormal de líquido en tejidos del cuerpo, especialmente en piernas o tobillos."},{"code":"16","display":"Dolor torácico","definition":"Dolor en el área del pecho que puede ser indicativo de problemas cardíacos."},{"code":"17","display":"Palpitaciones cardíacas","definition":"Sensación de latidos cardíacos fuertes, rápidos o irregulares."},{"code":"18","display":"Fiebre baja persistente","definition":"Temperatura corporal ligeramente elevada durante un período prolongado."},{"code":"19","display":"Cambios en el estado mental","definition":"Confusión, desorientación o dificultades con la memoria o el pensamiento."},{"code":"20","display":"Dolor de cabeza severo o inusual","definition":"Cefaleas intensas o diferentes a las habituales que no mejoran con medicación."}]}