{"resourceType":"CodeSystem","id":"CSPrevision","text":{"status":"generated","div":"<div xmlns=\"http://www.w3.org/1999/xhtml\"><p>This case-sensitive code system <code>http://agenda.cl/CodeSystem/CSPrevision</code> defines the following codes:</p><table class=\"codes\"><tr><td style=\"white-space:nowrap\"><b>Code</b></td><td><b>Display</b></td></tr><tr><td style=\"white-space:nowrap\">01<a name=\"CSPrevision-01\"> </a></td><td>FONASA</td></tr><tr><td style=\"white-space:nowrap\">02<a name=\"CSPrevision-02\"> </a></td><td>ISAPRE</td></tr><tr><td style=\"white-space:nowrap\">03<a name=\"CSPrevision-03\"> </a></td><td>CAPREDENA</td></tr><tr><td style=\"white-space:nowrap\">04<a name=\"CSPrevision-04\"> </a></td><td>DIPRECA</td></tr><tr><td style=\"white-space:nowrap\">05<a name=\"CSPrevision-05\"> </a></td><td>SISA</td></tr><tr><td style=\"white-space:nowrap\">96<a name=\"CSPrevision-96\"> </a></td><td>NINGUNA</td></tr><tr><td style=\"white-space:nowrap\">99<a name=\"CSPrevision-99\"> </a></td><td>DESCONOCIDO</td></tr></table></div>"},"url":"http://agenda.cl/CodeSystem/CSPrevision","version":"0.1.0","name":"CSPrevision","title":"CS Prevision","status":"active","experimental":false,"date":"2024-06-11T20:58:46-04:00","publisher":"Valentina Contreras","contact":[{"name":"Valentina Contreras","telecom":[{"system":"url","value":"http://example.org/example-publisher"}]}],"description":"Codigos de la previsión del paciente","caseSensitive":true,"content":"complete","count":7,"concept":[{"code":"01","display":"FONASA"},{"code":"02","display":"ISAPRE"},{"code":"03","display":"CAPREDENA"},{"code":"04","display":"DIPRECA"},{"code":"05","display":"SISA"},{"code":"96","display":"NINGUNA"},{"code":"99","display":"DESCONOCIDO"}]}