{"resourceType":"ValueSet","id":"VSSintomasEspeciales","text":{"status":"generated","div":"<div xmlns=\"http://www.w3.org/1999/xhtml\"><ul><li>Include all codes defined in <a href=\"CodeSystem-CSSintomasEspeciales.html\"><code>http://agenda.cl/CodeSystem/CSSintomasEspeciales</code></a></li></ul></div>"},"url":"http://agenda.cl/ValueSet/VSSintomasEspeciales","version":"0.1.0","name":"VSSintomasEspeciales","title":"VS Sintomas Especiales","status":"active","experimental":false,"date":"2024-06-11T20:58:46-04:00","publisher":"Valentina Contreras","contact":[{"name":"Valentina Contreras","telecom":[{"system":"url","value":"http://example.org/example-publisher"}]}],"description":"Sintomas especiales del paciente","compose":{"include":[{"system":"http://agenda.cl/CodeSystem/CSSintomasEspeciales"}]}}