{"resourceType":"ValueSet","id":"VSEspecialidadesDeisCL","text":{"status":"generated","div":"<div xmlns=\"http://www.w3.org/1999/xhtml\"><ul><li>Include all codes defined in <a href=\"https://hl7chile.cl/fhir/ig/clcore/1.8.5/CodeSystem-CSEspecialidadesDeisCL.html\"><code>https://hl7chile.cl/fhir/ig/clcore/CodeSystem/CSEspecialidadesDeisCL</code></a></li></ul></div>"},"url":"http://agenda.cl/ValueSet/VSEspecialidadesDeisCL","version":"0.1.0","name":"VSEspecialidadesDeisCL","title":"VS Códigos de Especialidades","status":"active","experimental":false,"date":"2024-06-11T20:58:46-04:00","publisher":"Valentina Contreras","contact":[{"name":"Valentina Contreras","telecom":[{"system":"url","value":"http://example.org/example-publisher"}]}],"description":"Códigos de especialidades médicas descritas según DEIS","compose":{"include":[{"system":"https://hl7chile.cl/fhir/ig/clcore/CodeSystem/CSEspecialidadesDeisCL"}]}}