{
  "resourceType" : "HealthcareService",
  "id" : "EjemploServicioDeSalud",
  "meta" : {
    "profile" : ["http://agenda.cl/StructureDefinition/ServicioDeSalud"]
  },
  "text" : {
    "status" : "extensions",
    "div" : "<div xmlns=\"http://www.w3.org/1999/xhtml\"><p><b>Generated Narrative: HealthcareService</b><a name=\"EjemploServicioDeSalud\"> </a></p><div style=\"display: inline-block; background-color: #d9e0e7; padding: 6px; margin: 4px; border: 1px solid #8da1b4; border-radius: 5px; line-height: 60%\"><p style=\"margin-bottom: 0px\">Resource HealthcareService &quot;EjemploServicioDeSalud&quot; </p><p style=\"margin-bottom: 0px\">Profile: <a href=\"StructureDefinition-ServicioDeSalud.html\">Perfil del Servicio De Salud</a></p></div><p><b>Servicio del prestador</b>: 1</p></div>"
  },
  "extension" : [{
    "url" : "http://agenda.cl/StructureDefinition/Servicios",
    "valueCode" : "1"
  }]
}